1	Dasher	1.0
2	Dancer	0.16666666666666666
3	Prancer	0.16666666666666666
4	Vixen	0.3333333333333333
5	Comet	0.5
6	Cupid	0.0
7	Dunder	0.3333333333333333
8	Donner	0.3333333333333333
9	Blixem	0.16666666666666666
